,mmsi
0,351182000
1,219117000
2,373702000
3,636019057
4,565156000
5,405000240
6,355489000
7,374226000
8,636017422
9,305738000
10,563002700
11,373059000
12,538005750
13,441777000
14,229126000
15,564354000
16,636019611
17,574416000
18,413696980
19,248904000
20,374874000
21,305470000
22,477809400
23,565127000
24,312058000
25,563984000
26,229554000
27,357097000
28,412029000
29,373133000
30,311000725
31,636013530
32,477835500
33,372629000
34,370295000
35,352920000
36,636017389
37,477950800
38,477264600
39,564407000
40,477183200
41,477716400
42,355677000
43,431049000
44,354872000
45,538006509
46,538009120
47,212563000
48,357661000
49,373220000
50,477767900
51,209690000
52,538009437
53,357420000
54,477209100
55,564812000
56,538009164
57,636020525
58,564820000
59,533180218
60,566977000
61,305146000
62,370164000
63,304342000
64,371290000
65,636019915
66,538002624
67,212301000
68,636013143
69,574244000
70,636017670
71,564241000
72,357610000
73,538009333
74,636092866
75,353005000
76,636020136
77,538003993
78,215499000
79,636091916
80,636018699
81,538007190
82,416257000
83,538003886
84,432969000
85,255805672
86,636015512
87,567025000
88,351177000
89,240963000
90,548704000
91,431986000
92,566605000
93,636021356
94,567598000
95,311064800
96,477654900
97,538004912
98,354265000
99,525015658
100,538004415
101,564798000
102,354321000
103,538009002
104,574001610
105,354959000
106,563160700
107,538006748
108,305756000
109,511100524
110,256668000
111,636018036
112,414072000
113,353999000
114,477105600
115,636021348
116,477230200
117,463046101
118,370385000
119,355609000
120,636018362
121,353637000
122,636019070
123,356217000
124,372854000
125,538004090
126,477043400
127,311000614
128,574470000
129,567999993
130,574001800
131,572996210
132,352986179
133,357244000
134,538004329
135,440090000
136,548854000
137,249717000
138,506005400
139,405000246
140,636015480
141,636021108
142,305969000
143,355690000
144,304200000
145,538008187
146,372390000
147,636018378
148,228342900
149,209786000
150,215069000
151,542399110
152,416465000
153,229395000
154,636019342
155,373183000
156,538002591
157,212715000
158,352948000
159,563008700
160,477282300
161,538008587
162,357103000
163,353358000
164,477010800
165,477203600
166,351877000
167,538007453
168,305885000
169,354594000
170,574000940
171,477958800
172,525023136
173,636017579
174,538004739
175,357131000
176,636018987
177,353090000
178,477765800
179,477157900
180,370577000
181,244848000
182,511826000
183,373821000
184,374353000
185,351160000
186,477616000
187,538007977
188,563128600
189,312130000
190,351965000
191,441398000
192,312617000
193,477833900
194,352368000
195,636021192
196,477302500
197,305126000
198,352566000
199,538006096
200,372164000
201,636017992
202,477091600
203,566482000
204,232012746
205,538005284
206,311000342
207,305865000
208,357178000
209,477541100
210,548897000
211,422041300
212,574012592
213,477010700
214,414199000
215,352396000
216,229062000
217,636014802
218,210895000
219,636020794
220,564599000
221,563169400
222,548946000
223,574137000
224,353467000
225,305824000
226,374634000
227,566645000
228,636019769
229,209888000
230,374212000
231,538008974
232,355800000
233,357045000
234,357005000
235,563126900
236,477664500
237,353730000
238,257088990
239,477634100
240,538006335
241,431978000
242,413996000
243,372917000
244,563078500
245,538006677
246,567447000
247,538009602
248,563166800
249,567000023
250,636015094
251,538004542
252,311000777
253,477348200
254,477337000
255,574389000
256,636017506
257,352787000
258,477280900
259,636018023
260,210214000
261,257087080
262,477049800
263,431332000
264,477900700
265,538002203
266,538004477
267,309362000
268,563073100
269,354950000
270,538009076
271,601684700
272,352391000
273,574469000
274,574001410
275,563161800
276,305854000
277,373680000
278,538007484
279,372638000
280,566957000
281,414413000
282,371906000
283,538008509
284,533170047
285,636020361
286,416426000
287,209389000
288,636015481
289,405000163
290,563002200
291,538007063
292,538006661
293,636016520
294,244790606
295,354998000
296,374625000
297,370209000
298,477790500
299,538009455
300,477884100
301,538009677
302,636019276
303,563666000
304,356478000
305,671098100
306,414066000
307,235103762
308,563129400
309,565626000
310,355036000
311,563117200
312,636020646
313,563121100
314,312900000
315,372746000
316,477560400
317,538005945
318,258102000
319,538004485
320,538006824
321,538004073
322,215268000
323,373031000
324,257556000
325,305141000
326,371960000
327,563127900
328,414109000
329,567999991
330,413360000
331,374268000
332,477233100
333,371873000
334,538005446
335,431655000
336,352978236
337,477269700
338,353988000
339,538006687
340,412362090
341,353093000
342,538004068
343,574000080
344,574001090
345,477654500
346,371769000
347,414307000
348,352544000
349,477213400
350,355327000
351,636092329
352,477250500
353,373351000
354,212287000
355,355692000
356,373403000
357,572382220
358,574464000
359,405000264
360,538008340
361,341260000
362,248197000
363,548908000
364,565402000
365,215150000
366,574000260
367,538008890
368,373054000
369,371128000
370,232018900
371,533132087
372,636019584
373,352001316
374,538008378
375,229204000
376,477719000
377,215181000
378,373355000
379,357705000
380,538004340
381,538006091
382,477244500
383,352898705
384,477347900
385,636020962
386,373180000
387,354532000
388,305997000
389,636015458
390,373500000
391,374155000
392,636017692
393,548974000
394,357017000
395,525005398
396,374286000
397,565096000
398,574238000
399,548085500
400,477938800
401,353426000
402,477767300
403,567503000
404,636017768
405,422036300
406,636017720
407,563001200
408,244117000
409,215965000
410,636017981
411,538003878
412,538002772
413,563071300
414,538007617
415,356222000
416,351038000
417,477131300
418,372059000
419,636017038
420,370393000
421,538090571
422,563118500
423,538005964
424,241048000
425,351550000
426,636019388
427,352531000
428,370240000
429,574000070
430,574904000
431,477842900
432,414551000
433,352978132
434,355871000
435,351326000
436,563161900
437,373485000
438,563081800
439,205717000
440,370423000
441,374645000
442,352374000
443,356778000
444,574492000
445,371061000
446,255806132
447,419000175
448,636017440
449,354625000
450,370896000
451,636018314
452,636015367
453,215131000
454,636018575
455,355173000
456,574471000
457,567273000
458,567495000
459,538006163
460,567000022
461,565101000
462,416466000
463,354091000
464,354863000
465,574459000
466,305187000
467,305933000
468,416468000
469,373271000
470,405000205
471,353345000
472,355722000
473,567104000
474,374999000
475,574407000
476,357454000
477,356832000
478,356758000
479,255805858
480,371567000
481,477519300
482,636017236
483,477318600
484,355477000
485,477661500
486,305973000
487,372377000
488,636020238
489,371693000
490,567000288
491,312773000
492,538005056
493,373774000
494,373431000
495,372348000
496,256761000
497,229969000
498,372125000
499,574002010
500,538004359
501,441763000
502,319213600
503,305860000
504,636017895
505,371181000
506,538006143
507,248285000
508,219080000
509,354690000
510,574004920
511,538007912
512,351700000
513,441823000
514,247285700
515,215930000
516,477696200
517,370616000
518,236607000
519,636015780
520,355555000
521,374782000
522,564811000
523,538008360
524,463042101
525,538003690
526,563125200
527,357359000
528,414776000
529,636013183
530,538006981
531,538008909
532,563912000
533,215626000
534,565807000
535,305161000
536,311000573
537,636019421
538,636092151
539,538008004
540,414338000
541,636015506
542,248724000
543,477265600
544,353201000
545,355033000
546,574862000
547,357276000
548,212540000
549,357869000
550,538002841
551,371601000
552,563058600
553,229607000
554,356668000
555,574001810
556,477721800
557,636021597
558,538010008
559,374213000
560,511100389
561,671069100
562,566340000
563,477057600
564,564661000
565,355443000
566,525003015
567,355304000
568,636019215
569,477392400
570,255805764
571,353086000
572,477948500
573,538003817
574,538005899
575,477078600
576,414174000
577,236325000
578,371286000
579,370453000
580,538006103
581,477861700
582,373001000
583,357648000
584,538004314
585,538005057
586,422036500
587,355532000
588,538008610
589,356880000
590,370391000
591,205790000
592,371549000
593,565970000
594,477633300
595,636017957
596,636020189
597,311000169
598,355959000
599,355891000
600,563088700
601,229657000
602,477560500
603,636013778
604,352888000
605,371168000
606,567428000
607,538007709
608,373239000
609,356048000
610,212180000
611,563907000
612,636018729
613,574583000
614,574001920
615,574274000
616,667001601
617,256071000
618,314647000
619,352980812
620,440049000
621,477328600
622,414112000
623,304010998
624,413148000
625,372245000
626,636015559
627,636014894
628,477407900
629,538004165
630,353640000
631,566238000
632,477243300
633,255806371
634,538008023
635,373549000
636,308015000
637,353968000
638,312685000
639,574948000
640,370333000
641,574311000
642,370471000
643,538007026
644,372817000
645,538007345
646,477202400
647,574000920
648,477514500
649,538004416
650,249819000
651,636013286
652,374883000
653,248729000
654,305538000
655,414369000
656,371141000
657,636020221
658,477591800
659,636021331
660,538009812
661,538007097
662,538006140
663,351170000
664,636092041
665,354958000
666,477189300
667,414057000
668,563052200
669,636092898
670,636018518
671,370205000
672,311000297
673,533131021
674,636092850
675,218843000
676,538008669
677,431080000
678,538007914
679,574340000
680,212557000
681,305002000
682,314484000
683,574001080
684,215011000
685,538003181
686,372918000
687,238179000
688,351158000
689,525125019
690,312747000
691,352001470
692,511100372
693,271048717
694,352361000
695,636015604
696,636016074
697,477387600
698,574000400
699,351849000
700,356540000
701,636015659
702,355262000
703,357848000
704,371897000
705,370329000
706,354822000
707,477968700
708,352715000
709,538009090
710,215577000
711,352500000
712,373386000
713,305347000
714,305276000
715,305409000
716,371169000
717,506005100
718,477598300
719,538003788
720,574000610
721,636016305
722,636091848
723,354727000
724,636017514
725,356309000
726,414771000
727,212347000
728,636013718
729,636017637
730,574003760
731,248614000
732,636017706
733,574972000
734,566984000
735,373470000
736,355300000
737,355414000
738,351275000
739,255806326
740,219207000
741,574932000
742,477655800
743,431005639
744,548978000
745,370325000
746,477588800
747,351291000
748,351298000
749,564831000
750,351088000
751,311016600
752,538007588
753,351268000
754,356931000
755,477319100
756,636020671
757,564640000
758,370234000
759,357413000
760,538008318
761,636019919
762,563107400
763,414031000
764,405000261
765,574002940
766,312856000
767,636019560
768,538006164
769,370387000
770,529955000
771,538009749
772,636093060
773,572255210
774,525020078
775,565222000
776,538004352
777,538005544
778,218350000
779,353723000
780,564909000
781,229396000
782,563080300
783,373109000
784,413494940
785,357994000
786,566818000
787,372925000
788,351012000
789,477302200
790,563647000
791,574003880
792,477139600
793,538007571
794,311064900
795,477722300
796,636016070
797,574000740
798,636017071
799,373989000
800,405000274
801,574422000
802,636021466
803,311001194
804,538006042
805,255805780
806,636092982
807,240311000
808,353470000
809,477234300
810,353983000
811,356578000
812,229135000
813,354560000
814,416492000
815,431888000
816,564938000
817,372830000
818,356932000
819,538003180
820,636018223
821,371360000
822,563126500
823,636018483
824,636015760
825,636018994
826,255805576
827,636016853
828,305461000
829,355356000
830,370132000
831,212580000
832,218705000
833,305719000
834,538003959
835,636018715
836,355293000
837,574003690
838,373142000
839,374033000
840,567421000
841,354202000
842,636020283
843,538006257
844,636013691
845,371100000
846,538008776
847,351785000
848,636092974
849,370851000
850,370248000
851,477108600
852,373810000
853,305499000
854,210070000
855,636018391
856,373078000
857,574366000
858,636019170
859,319211600
860,538006207
861,311064600
862,563150700
863,413271420
864,477832200
865,563181000
866,319132300
867,538006298
868,371234000
869,353767000
870,477234900
871,636018845
872,357988000
873,356101000
874,422088700
875,371969000
876,538003241
877,351630000
878,413169000
879,538006041
880,374475000
881,636019887
882,422032500
883,563161700
884,352001339
885,353654000
886,538004996
887,352322000
888,567000017
889,258868000
890,636013467
891,353924000
892,311057900
893,311001022
894,636016847
895,305235000
896,354246000
897,477325800
898,538008307
899,353368000
900,477423300
901,370735000
902,567303000
903,506077000
904,636017150
905,229609000
906,353055000
907,574474000
908,354995000
909,636015121
910,352001268
911,636020925
912,636020984
913,255806039
914,636092750
915,212215000
916,636021074
917,636092330
918,218366000
919,255805666
920,565227000
921,477083800
922,564360000
923,538008273
924,356581000
925,477096400
926,538007630
927,351399000
928,538006722
929,636018582
930,209138000
931,538005723
932,354855000
933,477211700
934,477224700
935,422035300
936,370314000
937,311000468
938,229760000
939,477189500
940,373354000
941,414535000
942,441612000
943,636020406
944,212273000
945,351222000
946,351606000
947,370189000
948,563032600
949,566319000
950,405000241
951,371116000
952,351819000
953,229199000
954,212531000
955,351711000
956,574412000
957,304343000
958,241124000
959,305172000
960,257881000
961,636018240
962,538004326
963,416467000
964,538008561
965,477014900
966,538007452
967,351304000
968,372728000
969,355208000
970,353577000
971,354060000
972,405000263
973,351265000
974,341390000
975,565043500
976,212210000
977,538006411
978,405000134
979,211776000
980,235114195
981,259965000
982,413700260
983,414546000
984,209459000
985,636015511
986,538005001
987,356293000
988,373488000
989,574435000
990,574418000
991,566507000
992,538008362
993,636015019
994,538003810
995,215126000
996,355073000
997,563955000
998,353551000
999,212351000
1000,477195100
1001,356864000
1002,566235000
1003,538005592
1004,372248000
1005,567001640
1006,636017202
1007,352978166
1008,538004914
1009,636015321
1010,538008936
1011,477264900
1012,538008170
1013,372753000
1014,477624500
1015,374514000
1016,477302800
1017,574001480
1018,373319000
1019,477435800
1020,477978900
1021,636018069
1022,374589000
1023,413703630
1024,477790300
1025,305621000
1026,305177000
1027,422042200
1028,352986172
1029,506007200
1030,548690000
1031,636021160
1032,440655000
1033,477154600
1034,538008835
1035,538006301
1036,357980000
1037,352167000
1038,244044000
1039,319125100
1040,414714000
1041,477160100
1042,376261000
1043,312952000
1044,477167600
1045,212289000
1046,565128000
1047,636019265
1048,538005716
1049,636019820
1050,538004103
1051,353715000
1052,241421000
1053,477045300
1054,357320000
1055,563062300
1056,567000014
1057,255805868
1058,229584000
1059,574277000
1060,538003719
1061,372291000
1062,371977000
1063,373300000
1064,441487000
1065,304479000
1066,355844000
1067,413338000
1068,371628000
1069,357926000
1070,257427000
1071,563062200
1072,212463000
1073,477521800
1074,351040000
1075,371157000
1076,636016231
1077,636021320
1078,341817000
1079,414079000
1080,373293000
1081,374172000
1082,440075000
1083,355534000
1084,355714000
1085,567001710
1086,563158400
1087,538002634
1088,477699600
1089,533131052
1090,370740000
1091,477340200
1092,248403000
1093,374668000
1094,255805689
1095,372014000
1096,477463400
1097,563027400
1098,355181000
1099,636016791
1100,304883000
1101,477158700
1102,319192100
1103,563053200
1104,309616000
1105,305240000
1106,574256000
1107,636015806
1108,356192000
1109,209590000
1110,548827000
1111,353526000
1112,351518000
1113,574000840
1114,370714000
1115,574001860
1116,567000830
1117,511448000
1118,506005500
1119,477360200
1120,538008720
1121,215137000
1122,477866500
1123,566960000
1124,248160000
1125,311000398
1126,338273000
1127,477137100
1128,353111000
1129,477121800
1130,477147300
1131,248303000
1132,355424000
1133,370273000
1134,538008963
1135,412914000
1136,636019620
1137,574001330
1138,355953000
1139,371051000
1140,352993000
1141,370055000
1142,351868000
1143,441708000
1144,538005724
1145,636019512
1146,636018313
1147,563102800
1148,636019065
1149,538008143
1150,477759700
1151,538009589
1152,477021100
1153,374495000
1154,414175000
1155,636017493
1156,636019697
1157,312455000
1158,357591000
1159,371529000
1160,574002770
1161,477150300
1162,563116600
1163,636015547
1164,371372000
1165,477849700
1166,636019529
1167,636017515
1168,219027748
1169,566421000
1170,477111700
1171,311000824
1172,352623000
1173,636092888
1174,248506000
1175,636091232
1176,355777000
1177,351513000
1178,353206000
1179,565451000
1180,477641700
1181,371240000
1182,477095200
1183,271043415
1184,477654700
1185,563156900
1186,212398000
1187,210403000
1188,533000522
1189,373285000
1190,477010600
1191,574930000
1192,218629000
1193,319054200
1194,477269800
1195,370232000
1196,355469000
1197,477441900
1198,356334000
1199,305717000
1200,235050012
1201,356565000
1202,538007972
1203,636016531
1204,636018513
1205,248326000
1206,209859000
1207,636014456
1208,219088000
1209,357482000
1210,372878000
1211,352819000
1212,371305000
1213,352382000
1214,567002380
1215,477327400
1216,525125005
1217,563119000
1218,419001263
1219,352001321
1220,477182900
1221,370651000
1222,374731000
1223,305063000
1224,538007029
1225,312554000
1226,372729000
1227,248534000
1228,563625000
1229,565615000
1230,353463000
1231,566281000
1232,636017414
1233,574001130
1234,371478000
1235,538005599
1236,356157000
1237,538004181
1238,636021072
1239,566631000
1240,441902000
1241,210663000
1242,413495760
1243,352112000
1244,248741000
1245,565967000
1246,636018927
1247,372756000
1248,354657000
1249,477738900
1250,636015667
1251,357094000
1252,413493530
1253,636016582
1254,477900500
1255,351361000
1256,538003274
1257,232015131
1258,305517000
1259,355438000
1260,357240000
1261,256558000
1262,440079000
1263,636019711
1264,248836000
1265,356827000
1266,241054000
1267,477114300
1268,565032000
1269,441337000
1270,538007539
1271,636019904
1272,372791000
1273,312681000
1274,352946000
1275,356720000
1276,636017107
1277,211256150
1278,356012000
1279,567001010
1280,477717400
1281,372693000
1282,371619000
1283,538007980
1284,538007241
1285,548907000
1286,477744200
1287,259732000
1288,538004434
1289,538004774
1290,371422000
1291,636021502
1292,305803000
1293,511100711
1294,477302100
1295,431792000
1296,636018158
1297,538007691
1298,356180000
1299,636019568
1300,373487000
1301,354197000
1302,255806085
1303,477423200
1304,477401700
1305,563090400
1306,574003160
1307,370615000
1308,563000700
1309,538008220
1310,636012794
1311,477881900
1312,311070400
1313,477046800
1314,538005464
1315,355002000
1316,563061300
1317,319153600
1318,636092976
1319,620766000
1320,477809800
1321,538005156
1322,355095000
1323,567556000
1324,563584000
1325,525100468
1326,371245000
1327,538007150
1328,248269000
1329,563905000
1330,566073000
1331,563083400
1332,567001810
1333,477135200
1334,636018336
1335,357891000
1336,636017559
1337,311000541
1338,258097000
1339,273359470
1340,248251000
1341,371844000
1342,353628000
1343,636015671
1344,567015000
1345,477730900
1346,440023000
1347,305784000
1348,477842700
1349,372938000
1350,636092840
1351,566204000
1352,374137000
1353,538006097
1354,354794000
1355,414727000
1356,355703000
1357,566786000
1358,636015896
1359,636015312
1360,636015629
1361,367535950
1362,215480000
1363,563090500
1364,370395000
1365,636015149
1366,352840000
1367,636018374
1368,477214800
1369,255805580
1370,563205000
1371,477167800
1372,636018354
1373,255806496
1374,538007674
1375,229712000
1376,538007145
1377,636019256
1378,574001170
1379,352097000
1380,636017696
1381,574000450
1382,538007552
1383,414062000
1384,373797000
1385,636018714
1386,351187000
1387,405000183
1388,212582000
1389,311000382
1390,312694000
1391,373932000
1392,636018908
1393,356352000
1394,354327000
1395,353894000
1396,563140500
1397,538010111
1398,412118000
1399,477622500
1400,566157000
1401,548612000
1402,538004462
1403,354323000
1404,255806101
1405,229988000
1406,244726000
1407,636017308
1408,620552000
1409,518100912
1410,538008485
1411,235116731
1412,210638000
1413,636018693
1414,374982000
1415,414165000
1416,352986134
1417,256213000
1418,416428000
1419,351913000
1420,422031700
1421,477924000
1422,636017900
1423,244850075
1424,477220600
1425,373402000
1426,477765600
1427,209425000
1428,538005814
1429,574408000
1430,567050600
1431,249888000
1432,269056000
1433,232024278
1434,538006983
1435,477746900
1436,413223320
1437,422040600
1438,354001000
1439,304724000
1440,564169000
1441,636016854
1442,414740000
1443,566619000
1444,371471000
1445,538005957
1446,428002000
1447,567589000
1448,477767100
1449,574003870
1450,564058000
1451,255806054
1452,355696000
1453,538005946
1454,373949000
1455,538004675
1456,538007206
1457,567888888
1458,353378000
1459,357169000
1460,574327000
1461,356076000
1462,538004707
1463,212619000
1464,636092302
1465,414065000
1466,565290000
1467,477714400
1468,563066900
1469,477016200
1470,636019317
1471,538004339
1472,229622000
1473,414344000
1474,477276100
1475,506005200
1476,563145300
1477,636020859
1478,548629500
1479,240006000
1480,212131000
1481,354120000
1482,477002300
1483,636017469
1484,373840000
1485,352383000
1486,354214000
1487,563487000
1488,538003467
1489,636019390
1490,538006126
1491,374706000
1492,352001011
1493,235068025
1494,636017533
1495,371678000
1496,255806079
1497,538007141
1498,563131600
1499,563161400
1500,372370000
1501,477213800
1502,357981000
1503,405000307
1504,636021006
1505,511635000
1506,351435000
1507,311000315
1508,357093000
1509,477001800
1510,538004203
1511,477642200
1512,215197000
1513,477652500
1514,255805681
1515,538005619
1516,355632000
1517,563082900
1518,357262000
1519,538003558
1520,372305000
1521,525113011
1522,441399000
1523,538008993
1524,574000160
1525,352898703
1526,477020200
1527,357547000
1528,636012808
1529,235117932
1530,357486000
1531,564204000
1532,355106000
1533,538007704
1534,441773000
1535,636018017
1536,538008236
1537,256631000
1538,244022000
1539,370763000
1540,538006938
1541,422036100
1542,352978240
1543,538008811
1544,311000730
1545,477717700
1546,506014200
1547,636020993
1548,525800162
1549,636018597
1550,412344000
1551,636021126
1552,355502000
1553,354928000
1554,371543000
1555,356375000
1556,209799000
1557,636092268
1558,636019864
1559,312816000
1560,255806448
1561,477861600
1562,563156300
1563,563102200
1564,477713100
1565,372789000
1566,356534000
1567,311052200
1568,477347800
1569,574004260
1570,563478000
1571,477078500
1572,352650000
1573,249160000
1574,477250400
1575,563032800
1576,374348000
1577,477798900
1578,574778000
1579,477535900
1580,441698000
1581,215217000
1582,215165000
1583,538003221
1584,563025700
1585,636014418
1586,374898000
1587,538003561
1588,477641300
1589,311001132
1590,244129000
1591,305060000
1592,511100210
1593,373733000
1594,370524000
1595,564830000
1596,457796000
1597,311000537
1598,477372200
1599,240272000
1600,574004690
1601,477742600
1602,477369100
1603,636015961
1604,405000375
1605,636021873
1606,255806115
1607,353484000
1608,477137500
1609,355835000
1610,352614000
1611,209721000
1612,477621600
1613,574003310
1614,374265000
1615,566866000
1616,636091486
1617,371323000
1618,565253000
1619,354421000
1620,477855200
1621,357174000
1622,477139800
1623,538007481
1624,636018364
1625,636016338
1626,373738000
1627,538006711
1628,351224000
1629,355890000
1630,373913000
1631,311044100
1632,565050000
1633,565385000
1634,371888000
1635,636016834
1636,636016730
1637,525003244
1638,352828000
1639,477067700
1640,477464200
1641,477947100
1642,538008897
1643,413701060
1644,413243000
1645,353862000
1646,374321000
1647,477197600
1648,352001395
1649,477112200
1650,538007820
1651,538003729
1652,538007685
1653,311000427
1654,356881000
1655,566819000
1656,305056000
1657,373107000
1658,566211000
1659,354968000
1660,636017196
1661,477939700
1662,215328000
1663,311061600
1664,209004000
1665,354858000
1666,373746000
1667,636019343
1668,413215160
1669,311000080
1670,304010228
1671,372180000
1672,636019411
1673,636017156
1674,538002666
1675,374248000
1676,636016895
1677,354806000
1678,477043800
1679,565106000
1680,477390300
1681,511100702
1682,374119000
1683,352955000
1684,370489000
1685,636018629
1686,229762000
1687,538008751
1688,636014927
1689,538007717
1690,373073000
1691,538006813
1692,477832900
1693,371441000
1694,256427000
1695,636019587
1696,538006519
1697,305859000
1698,567109000
1699,477133500
1700,304090000
1701,371874000
1702,311000980
1703,477311400
1704,255805676
1705,566798000
1706,477390400
1707,355801000
1708,370928000
1709,414772000
1710,351495000
1711,477097400
1712,538007899
1713,636012905
1714,567574000
1715,305222000
1716,312620000
1717,636015897
1718,622121413
1719,373121000
1720,372598000
1721,566796000
1722,351522000
1723,311064700
1724,538007433
1725,354367000
1726,416023000
1727,533170679
1728,210092000
1729,563118100
1730,370062000
1731,352688000
1732,371206000
1733,477441800
1734,357075000
1735,371976000
1736,538007449
1737,414733000
1738,353649000
1739,244810443
1740,352630000
1741,574357000
1742,538006970
1743,636018204
1744,371504000
1745,229454000
1746,373766000
1747,477399100
1748,538009444
1749,370957000
1750,352978264
1751,256011000
1752,538009782
1753,441424000
1754,538010048
1755,636018984
1756,477105400
1757,567444000
1758,566805000
1759,636016672
1760,351148000
1761,538007142
1762,417222405
1763,374809000
1764,229910000
1765,477899100
1766,311000732
1767,477638600
1768,374177000
1769,538005096
1770,373297000
1771,356335000
1772,219185000
1773,636092343
1774,563120900
1775,477504900
1776,235110509
1777,574000510
1778,636012796
1779,566817000
1780,574004590
1781,574004150
1782,351653000
1783,574004660
1784,352980847
1785,244014000
1786,636015850
1787,477353500
1788,525100459
1789,538004345
1790,574920000
1791,636014557
1792,548932000
1793,352573000
1794,357587000
1795,357876000
1796,353579000
1797,538090538
1798,636016262
1799,210614000
1800,574012854
1801,574000650
1802,636018046
1803,636015779
1804,506078000
1805,356077000
1806,257596000
1807,538006751
1808,212745000
1809,312468000
1810,565616000
1811,636018225
1812,563000400
1813,563091100
1814,477027100
1815,219953000
1816,352898685
1817,477406000
1818,548718000
1819,351239000
1820,219199000
1821,311033200
1822,354547000
1823,372351000
1824,414230000
1825,375821000
1826,356968000
1827,356411000
1828,357536000
1829,370922000
1830,636016679
1831,563079400
1832,506000400
1833,563114100
1834,525009349
1835,477493600
1836,636017036
1837,356369000
1838,538004370
1839,538006520
1840,574001140
1841,356667000
1842,567279000
1843,636015960
1844,538006305
1845,477280800
1846,305472000
1847,636013377
1848,372339000
1849,372241000
1850,372552000
1851,538008201
1852,373563000
1853,304834000
1854,538005903
1855,374677000
1856,538008591
1857,248442000
1858,373132000
1859,353934000
1860,636018664
1861,215657000
1862,566584000
1863,210558000
1864,229201000
1865,636092864
1866,574003240
1867,574013029
1868,352635000
1869,370734000
1870,538006480
1871,248262000
1872,538007951
1873,538004343
1874,356752000
1875,566294000
1876,574465000
1877,371801000
1878,538008293
1879,229646000
1880,371796000
1881,538006443
1882,405000131
1883,538008080
1884,371841000
1885,373617000
1886,636017169
1887,667001608
1888,574326000
1889,370469000
1890,636020797
1891,477798400
1892,255806298
1893,636020599
1894,477809500
1895,373570000
1896,564316000
1897,538007508
1898,219021000
1899,354332000
1900,373585000
1901,312026000
1902,215277000
1903,248013000
1904,271000874
1905,566999000
1906,477631900
1907,215125000
1908,574004050
1909,538007025
1910,370014000
1911,620331000
1912,372736000
1913,372434000
1914,574012698
1915,351566000
1916,563266000
1917,566959000
1918,304888000
1919,262006000
1920,538008791
1921,413220120
1922,477711400
1923,412760000
1924,564756000
1925,567004900
1926,538008087
1927,311000985
1928,525109007
1929,636019555
1930,477100800
1931,538006676
1932,636091575
1933,477548400
1934,255805588
1935,215139000
1936,567111000
1937,413492810
1938,413150000
1939,414402620
1940,210226000
1941,371956000
1942,563071800
1943,246659000
1944,305346000
1945,355224000
1946,357344000
1947,636015446
1948,636016289
1949,567000018
1950,574001210
1951,636093096
1952,538005242
1953,354401000
1954,477154500
1955,372178000
1956,567999997
1957,563110800
1958,374986000
1959,477510700
1960,255805847
1961,305682000
1962,354195000
1963,371941000
1964,538009403
1965,371555000
1966,244620052
1967,636016678
1968,373523000
1969,353726000
1970,636018220
1971,563129600
1972,538007711
1973,636020561
1974,441883000
1975,372604000
1976,636015131
1977,636019821
1978,373432000
1979,255806091
1980,374669000
1981,256308000
1982,548709000
1983,353321000
1984,371054000
1985,355712000
1986,229989000
1987,538004648
1988,209092000
1989,538007120
1990,563055800
1991,538003651
1992,352905000
1993,355399000
1994,636015637
1995,477836500
1996,538005268
1997,305121000
1998,477137400
1999,244457000
2000,354932000
2001,356815000
2002,477846300
2003,477748900
2004,636018551
2005,431260000
2006,311000733
2007,210210000
2008,477528300
2009,257774000
2010,355981000
2011,212909000
2012,538007755
2013,259741000
2014,355922000
2015,477738700
2016,563152700
2017,477440700
2018,636018251
2019,414179000
2020,636091527
2021,352882000
2022,413409620
2023,238293000
2024,373595000
2025,538005959
2026,374546000
2027,538007779
2028,355391000
2029,412274000
2030,374990000
2031,351811000
2032,563098300
2033,373393000
2034,538003904
2035,373665000
2036,636018854
2037,245020000
2038,374371000
2039,574951000
2040,232018379
2041,229720000
2042,209615000
2043,477176300
2044,477143900
2045,572917210
2046,636021229
2047,636015777
2048,374778000
2049,414246000
2050,636092574
2051,311000802
2052,372457000
2053,564220000
2054,636091487
2055,354815000
2056,249134000
2057,353564000
2058,351866000
2059,353797000
2060,563822000
2061,241573000
2062,538007769
2063,374588000
2064,563095400
2065,636018533
2066,574417000
2067,374509000
2068,351331000
2069,567001958
2070,636020109
2071,538005625
2072,413493080
2073,357254000
2074,477592600
2075,256610000
2076,636014539
2077,636015509
2078,538004911
2079,565303000
2080,219209000
2081,314482000
2082,371965000
2083,636019329
2084,374482000
2085,636014817
2086,636013119
2087,636090899
2088,351638000
2089,566908000
2090,413700170
2091,235067931
2092,538006949
2093,373103000
2094,373412000
2095,563152500
2096,677023500
2097,636093115
2098,215141000
2099,370090000
2100,357949000
2101,229266000
2102,351714000
2103,538004217
2104,477181500
2105,574294000
2106,262005000
2107,636017608
2108,373445000
2109,574000830
2110,636019537
2111,440059000
2112,240760000
2113,374342000
2114,477244600
2115,636017572
2116,354738000
2117,311000316
2118,636013349
2119,477714200
2120,548976000
2121,636020648
2122,372978000
2123,538004330
2124,477706700
2125,412347000
2126,538003252
2127,311000085
2128,353540000
2129,538008574
2130,356676000
2131,477638900
2132,241096000
2133,574002310
2134,209370000
2135,373877000
2136,538007722
2137,422035600
2138,565158000
2139,355529000
2140,405000347
2141,371629000
2142,312831000
2143,354109000
2144,354250000
2145,352001445
2146,305955000
2147,352001383
2148,413376460
2149,210911000
2150,255806116
2151,215251000
2152,477151400
2153,538007019
2154,255806339
2155,636015431
2156,246757000
2157,574006000
2158,219668000
2159,371646000
2160,538003222
2161,477133100
2162,218509000
2163,305372000
2164,563033500
2165,538005974
2166,357318000
2167,413471970
2168,636016318
2169,572911210
2170,355276000
2171,636014577
2172,440270000
2173,538003846
2174,370939000
2175,538007515
2176,574002140
2177,371139000
2178,352148000
2179,304587000
2180,419000242
2181,538004241
2182,351994000
2183,356298000
2184,636019210
2185,477023600
2186,538090533
2187,538090573
2188,305048000
2189,466543000
2190,258003000
2191,477552200
2192,538007662
2193,574824000
2194,241283000
2195,636092690
2196,538007419
2197,212348000
2198,412523890
2199,538006420
2200,244160000
2201,352001670
2202,567061600
2203,563154500
2204,311001217
2205,303683000
2206,538004547
2207,351085000
2208,255806125
2209,565080000
2210,477241900
2211,563076200
2212,538007824
2213,229667000
2214,567561000
2215,567100001
2216,412121000
2217,370416000
2218,311061300
2219,373303000
2220,574433000
2221,373875000
2222,636016337
2223,538008520
2224,246661000
2225,305822000
2226,636016986
2227,538005444
2228,671112100
2229,565929000
2230,538006864
2231,538004655
2232,538007798
2233,538009539
2234,636019143
2235,244122000
2236,538009163
2237,636016534
2238,636017813
2239,564029000
2240,548809000
2241,636018128
2242,477967300
2243,477209700
2244,372737000
2245,538006801
2246,506014800
2247,538002977
2248,574000590
2249,477744100
2250,414703000
2251,636019313
2252,245854000
2253,245347000
2254,210102000
2255,538004785
2256,477013300
2257,636016940
2258,352077000
2259,353430000
2260,574266000
2261,477850400
2262,256143000
2263,565953000
2264,249917000
2265,477786400
2266,538005702
2267,533170107
2268,356543000
2269,564813000
2270,538006004
2271,248110000
2272,533002720
2273,636017958
2274,636015239
2275,352681000
2276,636019341
2277,373454000
2278,357007000
2279,477721900
2280,538006215
2281,373556000
2282,567000900
2283,574801000
2284,538007541
2285,574487000
2286,506015100
2287,371444000
2288,538004507
2289,506003300
2290,574001060
2291,414114000
2292,477103700
2293,355232000
2294,477189700
2295,538007420
2296,355604000
2297,372286000
2298,477014600
2299,210886000
2300,477752300
2301,636091833
2302,538007718
2303,372596000
2304,256062000
2305,212384000
2306,355853000
2307,414554000
2308,563144500
2309,373273000
2310,574005520
2311,374224000
2312,441885000
2313,413606000
2314,374460000
2315,371931000
2316,354422000
2317,215609000
2318,548966000
2319,636020396
2320,413336000
2321,249740000
2322,477353400
2323,351864000
2324,538009289
2325,538006453
2326,538090557
2327,563945000
2328,371778000
2329,249799000
2330,354473000
2331,229786000
2332,636019762
2333,441420000
2334,564238000
2335,538008668
2336,636020236
2337,574493000
2338,511100716
2339,477737600
2340,574442000
2341,352864000
2342,211367460
2343,371626000
2344,566636000
2345,311042500
2346,477077700
2347,356969000
2348,209270000
2349,356619000
2350,319147600
2351,574347000
2352,351095000
2353,229952000
2354,312072000
2355,636017423
2356,215347000
2357,538004299
2358,538006980
2359,312067000
2360,269144000
2361,374299000
2362,636020598
2363,477182100
2364,636018621
2365,538007519
2366,538008453
2367,371155000
2368,372930000
2369,636017305
2370,352978272
2371,354709000
2372,563117100
2373,533132075
2374,538005103
2375,636016657
2376,572297220
2377,414180000
2378,374820000
2379,371424000
2380,372011000
2381,354886000
2382,351250000
2383,353199000
2384,414377000
2385,351928000
2386,357394000
2387,374832000
2388,305065000
2389,357256000
2390,564879000
2391,353627000
2392,373814000
2393,538006703
2394,636092927
2395,636015837
2396,567383000
2397,355900000
2398,538008737
2399,477225300
2400,538090608
2401,355645000
2402,636021736
2403,538004110
2404,371489000
2405,538005193
2406,312194000
2407,354196000
2408,357242000
2409,440196000
2410,262008000
2411,241222000
2412,241337000
2413,352837000
2414,477222100
2415,373462000
2416,229604000
2417,212962000
2418,574004620
2419,235093618
2420,370439000
2421,563102100
2422,372972000
2423,257073000
2424,477139700
2425,538005874
2426,255805803
2427,574342000
2428,372963000
2429,574693000
2430,636020296
2431,431026000
2432,255806449
2433,636019951
2434,636018013
2435,413213320
2436,351113000
2437,412032000
2438,215992000
2439,370712000
2440,373880000
2441,574001320
2442,477861300
2443,229742000
2444,563138500
2445,538006664
2446,636015701
2447,477071700
2448,636017740
2449,574940000
2450,351255000
2451,525015918
2452,357194000
2453,538009168
2454,566407000
2455,209203000
2456,257972000
2457,525025082
2458,538007759
2459,210531000
2460,355212000
2461,477716100
2462,352072000
2463,538007680
2464,352898746
2465,477595200
2466,477745800
2467,372665000
2468,636019900
2469,574498000
2470,405000254
2471,567000004
2472,372490000
2473,636021154
2474,636018516
2475,566919000
2476,375726000
2477,710008790
2478,413326260
2479,255805869
2480,353824000
2481,538002117
2482,355530000
2483,477706100
2484,538006950
2485,636093006
2486,477209200
2487,477682300
2488,357968000
2489,229342000
2490,538004670
2491,215154000
2492,372224000
2493,636020600
2494,574429000
2495,477809100
2496,636018801
2497,525125028
2498,567558000
2499,273414540
2500,477463500
2501,563107200
2502,477637100
2503,563131400
2504,636020945
2505,538004193
2506,372085000
2507,636014525
2508,356382000
2509,477518500
2510,477454300
2511,477209600
2512,538006451
2513,370892000
2514,636018038
2515,370181000
2516,413446930
2517,248175000
2518,352070000
2519,219821000
2520,477077800
2521,271044643
2522,373928000
2523,352978235
2524,374512000
2525,538007952
2526,256033000
2527,671301100
2528,355341000
2529,355288000
2530,356092000
2531,311000461
2532,248010000
2533,538004771
2534,211549000
2535,405000199
2536,636013644
2537,574338000
2538,636093093
2539,374390000
2540,538008308
2541,567071000
2542,477127900
2543,255805685
2544,354787000
2545,538004706
2546,210737000
2547,636014925
2548,477915800
2549,414261000
2550,255806220
2551,538007252
2552,477314700
2553,636017757
2554,574445000
2555,477300700
2556,636018226
2557,357545000
2558,314601000
2559,567445000
2560,305533000
2561,636017523
2562,215853000
2563,351794000
2564,413302000
2565,636016607
2566,620271000
2567,636018837
2568,311001124
2569,375271000
2570,413696580
2571,565697000
2572,636017064
2573,563053600
2574,538006058
2575,566005000
2576,538007503
2577,257801000
2578,305392000
2579,538004431
2580,477328800
2581,636015710
2582,538008112
2583,353290000
2584,538003120
2585,567065200
2586,304127000
2587,477166300
2588,374572000
2589,413478230
2590,636092896
2591,477830700
2592,356444000
2593,215507000
2594,636021202
2595,229376000
2596,567066000
2597,563148800
2598,605266130
2599,563118600
2600,372154000
2601,256058000
2602,374543000
2603,538008003
2604,305856000
2605,477335300
2606,574001530
2607,351467000
2608,372892000
2609,412057000
2610,477159900
2611,563053900
2612,605086080
2613,229191000
2614,477958600
2615,351060000
2616,538006404
2617,255806340
2618,538002631
2619,566707000
2620,477023200
2621,574206000
2622,636021480
2623,422905000
2624,355887000
2625,353331000
2626,353195000
2627,354363000
2628,563030500
2629,538006823
2630,353397000
2631,412241000
2632,538002668
2633,636018625
2634,311000756
2635,357992000
2636,538008247
2637,354119000
2638,538004096
2639,538009392
2640,624022000
2641,311000624
2642,567566000
2643,372354000
2644,574002030
2645,477468100
2646,370399000
2647,538005114
2648,636017171
2649,431600086
2650,636017478
2651,477765900
2652,374270000
2653,525015931
2654,215450000
2655,636092079
2656,210497000
2657,374508000
2658,477211800
2659,574001640
2660,477766700
2661,477067100
2662,352067000
2663,477314600
2664,565936000
2665,212775000
2666,636019984
2667,352536000
2668,356376000
2669,567269000
2670,636018296
2671,374620000
2672,563089500
2673,229308000
2674,566523000
2675,538007096
2676,256608000
2677,636014955
2678,563106200
2679,477521600
2680,567005000
2681,574000790
2682,538007240
2683,564196000
2684,538005709
2685,338566000
2686,567571000
2687,215354000
2688,352163000
2689,355275000
2690,319366000
2691,574375000
2692,538006548
2693,538005436
2694,548985000
2695,215887000
2696,477608600
2697,477476200
2698,477627900
2699,249800000
2700,353162000
2701,567000021
2702,352632000
2703,477535400
2704,477793200
2705,319231600
2706,352978266
2707,357252000
2708,371516000
2709,538007708
2710,636016707
2711,477096500
2712,422034900
2713,538007893
2714,209594000
2715,636017929
2716,477802700
2717,374693000
2718,352571000
2719,477057900
2720,413222810
2721,373438000
2722,431600416
2723,563040700
2724,574000090
2725,353210000
2726,563103800
2727,305543000
2728,667001585
2729,229699000
2730,671186100
2731,351753000
2732,636018886
2733,636018998
2734,636017983
2735,215765000
2736,538004710
2737,636020191
2738,351879000
2739,255805849
2740,354227000
2741,312153000
2742,374858000
2743,574000310
2744,351364000
2745,351737000
2746,305514000
2747,574003640
2748,249883000
2749,477035400
2750,636016244
2751,636016203
2752,422038600
2753,538002999
2754,373371000
2755,636092012
2756,538009015
2757,354927000
2758,371768000
2759,351484000
2760,356548000
2761,229603000
2762,636017303
2763,710004394
2764,248161000
2765,525125011
2766,255805979
2767,271044971
2768,374908000
2769,538009362
2770,374969000
2771,538005692
2772,249216000
2773,259932000
2774,373619000
2775,538009456
2776,525100985
2777,441222000
2778,374448000
2779,477559900
2780,538006720
2781,636017109
2782,373301000
2783,372153000
2784,212712000
2785,567584000
2786,211779000
2787,574931000
2788,354733000
2789,636014603
2790,431342000
2791,373511000
2792,477468800
2793,636093009
2794,354817000
2795,357928000
2796,304881000
2797,477056800
2798,563145600
2799,351781000
2800,354570000
2801,548713000
2802,229750000
2803,563033400
2804,319146400
2805,431989000
2806,374570000
2807,636017007
2808,354644000
2809,636019094
2810,574004550
2811,636018145
2812,477327100
2813,219059000
2814,636019169
2815,241375000
2816,218847000
2817,636016126
2818,566743000
2819,248296000
2820,636019717
2821,370210000
2822,477520600
2823,405000374
2824,574265000
2825,538009609
2826,255806012
2827,353590000
2828,356704000
2829,538005498
2830,574058048
2831,538009235
2832,538004333
2833,538007006
2834,538002630
2835,477131500
2836,305482000
2837,574001830
2838,356231000
2839,565547000
2840,371633000
2841,353245000
2842,422032400
2843,538008635
2844,636020583
2845,563144800
2846,506007800
2847,354299000
2848,212433000
2849,371546000
2850,538003541
2851,256415000
2852,351353000
2853,564267000
2854,636019162
2855,352497000
2856,538004998
2857,372213000
2858,305908000
2859,566705000
2860,538004069
2861,548940000
2862,356814000
2863,357028000
2864,355857000
2865,538007259
2866,636019969
2867,636019819
2868,636021813
2869,506012200
2870,372666000
2871,371519000
2872,218361000
2873,255806027
2874,477617600
2875,357921000
2876,477849500
2877,636090486
2878,477133300
2879,538003987
2880,538005651
2881,351678000
2882,351853000
2883,538003057
2884,305425000
2885,563018710
2886,538004242
2887,372848000
2888,636016478
2889,636020117
2890,538090520
2891,440062000
2892,356793000
2893,241508000
2894,538008450
2895,564673000
2896,372895000
2897,574000690
2898,356088000
2899,305510000
2900,352001218
2901,538006280
2902,355738000
2903,477021700
2904,567000025
2905,572160220
2906,636015500
2907,373651000
2908,636015696
2909,311001064
2910,304746000
2911,574485000
2912,371364000
2913,353128000
2914,370800000
2915,373189000
2916,565564000
2917,636020873
2918,538005272
2919,477845400
2920,538006752
2921,636092878
2922,564246000
2923,372841000
2924,355195000
2925,354118000
2926,235093069
2927,538009748
2928,271000845
2929,422040100
2930,354359000
2931,218553000
2932,636016066
2933,405000141
2934,356182000
2935,241069000
2936,477493800
2937,351739000
2938,565849000
2939,567477000
2940,566460000
2941,477151200
2942,477737100
2943,538008346
2944,574423000
2945,636018385
2946,312761000
2947,248440000
2948,548876000
2949,256099000
2950,538005594
2951,373943000
2952,538008673
2953,636015510
2954,371369000
2955,249194000
2956,413380840
2957,356785000
2958,538005898
2959,357411000
2960,375037000
2961,538009167
2962,372181000
2963,372166000
2964,538007470
2965,563056500
2966,565370000
2967,636020207
2968,255806282
2969,311365000
2970,477168800
2971,538007195
2972,372121000
2973,235102466
2974,372116000
2975,477948200
2976,574573000
2977,636018972
2978,372336000
2979,305367000
2980,538009106
2981,538090606
2982,374064000
2983,574380000
2984,636018112
2985,374417000
2986,373448000
2987,538003242
2988,563471000
2989,538009244
2990,636019033
2991,538007856
2992,477958300
2993,373020000
2994,373256000
2995,351355000
2996,636017148
2997,355748000
2998,574001910
2999,563027200
3000,413073000
3001,351848000
3002,538007139
3003,357432000
3004,574013228
3005,636021129
3006,351460000
3007,351663000
3008,538007855
3009,357772000
3010,353166000
3011,370624000
3012,477982600
3013,477477200
3014,566222000
3015,538008596
3016,477852300
3017,636015848
3018,538003407
3019,256266000
3020,312378000
3021,311691000
3022,636019414
3023,566167000
3024,356256000
3025,356726000
3026,353191000
3027,370304000
3028,354263000
3029,312803000
3030,538007406
3031,311655000
3032,311053200
3033,311001032
3034,219027761
3035,533180146
3036,567000016
3037,355621000
3038,667003449
3039,636021617
3040,352001750
3041,319995000
3042,636092692
3043,538008394
3044,356836000
3045,229202000
3046,636019298
3047,636021245
3048,351646000
3049,249947000
3050,215245000
3051,538004109
3052,356946000
3053,574000350
3054,355557000
3055,636017751
3056,210581000
3057,371799000
3058,636019448
3059,212058000
3060,563109200
3061,218427000
3062,636016044
3063,538008053
3064,416033000
3065,636016265
3066,357055000
3067,305469000
3068,314571000
3069,373240000
3070,566358000
3071,636018058
3072,212026000
3073,215209000
3074,305463000
3075,566985000
3076,353428000
3077,477462800
3078,353028000
3079,636015445
3080,538008687
3081,416031000
3082,356082000
3083,477641900
3084,356872000
3085,477202800
3086,477182700
3087,574003130
3088,373841000
3089,371104000
3090,352659000
3091,374631000
3092,636092314
3093,538004297
3094,538006034
3095,457445000
3096,636012640
3097,373362000
3098,311000924
3099,477947600
3100,636092890
3101,636013699
3102,354194000
3103,538009218
3104,636020108
3105,538008295
3106,218846000
3107,249290000
3108,374519000
3109,257325000
3110,305823000
3111,311062800
3112,304994000
3113,567063100
3114,574002520
3115,538008834
3116,636019674
3117,372024000
3118,563013500
3119,352133000
3120,548857000
3121,538009116
3122,538007227
3123,209623000
3124,477858600
3125,374518000
3126,636019110
3127,354141000
3128,477222800
3129,355537000
3130,525200078
3131,563091000
3132,374794000
3133,232002969
3134,538004630
3135,538007622
3136,352760000
3137,564896000
3138,405000212
3139,566716000
3140,636018001
3141,372022000
3142,538006462
3143,563029200
3144,413466860
3145,636016827
3146,538002544
3147,636019161
3148,319057600
3149,477466300
3150,374846000
3151,309901000
3152,441746000
3153,312001000
3154,538007842
3155,371383000
3156,566956000
3157,477183500
3158,563114800
3159,311000551
3160,636018141
3161,354180000
3162,636015345
3163,209695000
3164,218845000
3165,357260000
3166,405000251
3167,636015350
3168,477811700
3169,373308000
3170,636019617
3171,671345100
3172,538007144
3173,477098400
3174,215929000
3175,305781000
3176,248184000
3177,538003716
3178,229934000
3179,548830000
3180,574001890
3181,574682000
3182,574230000
3183,567478000
3184,538004481
3185,636017191
3186,538003639
3187,563018100
3188,548971000
3189,477850900
3190,636092965
3191,567000026
3192,477961400
3193,563098400
3194,477948900
3195,477737800
3196,354374000
3197,372242000
3198,405000129
3199,477684100
3200,566557000
3201,373309000
3202,477760800
3203,538005357
3204,354568000
3205,374891000
3206,405000211
3207,244121000
3208,477347700
3209,370796000
3210,636018137
3211,371882000
3212,538006963
3213,636092972
3214,351260000
3215,352047000
3216,374684000
3217,548676000
3218,356158000
3219,538002808
3220,563121900
3221,256630000
3222,355709000
3223,563579000
3224,574000950
3225,636018146
3226,413149000
3227,241166000
3228,371244000
3229,235103765
3230,565647000
3231,538005791
3232,477231900
3233,241106000
3234,229602000
3235,567074000
3236,636091619
3237,356413000
3238,229665000
3239,477614700
3240,565694000
3241,636015544
3242,354797000
3243,351796000
3244,477150900
3245,574000730
3246,311000996
3247,353160000
3248,538004327
3249,574405000
3250,305145000
3251,636018523
3252,218426000
3253,351968000
3254,572915210
3255,229698000
3256,636018037
3257,210349000
3258,241376000
3259,351798000
3260,355656000
3261,636092884
3262,357723000
3263,353664000
3264,373771000
3265,352654000
3266,374018000
3267,563132800
3268,351890000
3269,312429000
3270,574003900
3271,477392200
3272,374346000
3273,369339000
3274,210142000
3275,373565000
3276,372184000
3277,563513000
3278,538006829
3279,636016451
3280,563165800
3281,210487000
3282,273216130
3283,372200000
3284,538008176
3285,249726000
3286,305097000
3287,538007938
3288,636013564
3289,477410100
3290,477581100
3291,371218000
3292,636016892
3293,477520900
3294,538009650
3295,563020500
3296,235061354
3297,353903000
3298,538006099
3299,304617000
3300,538003568
3301,477739500
3302,566831000
3303,525010112
3304,636018967
3305,232024279
3306,255806076
3307,636018055
3308,477846400
3309,477730100
3310,311000813
3311,353260000
3312,352773000
3313,636014590
3314,351324000
3315,374609000
3316,538007176
3317,373350000
3318,477410800
3319,538009337
3320,255805809
3321,440190000
3322,209694000
3323,229243000
3324,218170000
3325,371884000
3326,312709000
3327,538007138
3328,351755000
3329,538008300
3330,567000890
3331,574928000
3332,636018535
3333,477739400
3334,374633000
3335,352001546
3336,372588000
3337,538008585
3338,440095000
3339,373864000
3340,440716000
3341,414016000
3342,311033300
3343,538008413
3344,232027093
3345,373230000
3346,414239000
3347,506012300
3348,271040311
3349,636092313
3350,371052000
3351,351608000
3352,574396000
3353,538008519
3354,538006175
3355,477615600
3356,352495000
3357,374170000
3358,538004202
3359,212139000
3360,636016795
3361,273345930
3362,419001324
3363,636092076
3364,312893000
3365,538006508
3366,269047000
3367,414240000
3368,548835000
3369,563094500
3370,477067900
3371,574013121
3372,477188700
3373,352652000
3374,567548000
3375,219864000
3376,538004530
3377,229993000
3378,563143000
3379,538006083
3380,357180000
3381,477203900
3382,353571000
3383,209012000
3384,538003225
3385,249946000
3386,351729000
3387,255618000
3388,574000870
3389,636020992
3390,636020853
3391,567000015
3392,563160900
3393,538009796
3394,351184000
3395,314573000
3396,511100559
3397,538006035
3398,235113778
3399,636092271
3400,353849000
3401,219027759
3402,636019639
3403,351579000
3404,538005997
3405,538002204
3406,477083300
3407,412377000
3408,563842000
3409,636017724
3410,370230000
3411,258491000
3412,477056600
3413,538002749
3414,215877000
3415,357437000
3416,538007023
3417,312043000
3418,538004334
3419,636015902
3420,354971000
3421,636091273
3422,564619000
3423,357839000
3424,636020990
3425,572912210
3426,636018260
3427,538004887
3428,271045019
3429,357672000
3430,373191000
3431,538003950
3432,371818000
3433,566637000
3434,477815200
3435,372473000
3436,636019710
3437,351246000
3438,212403000
3439,574001400
3440,357081000
3441,477856600
3442,567001570
3443,636020986
3444,636020806
3445,413703960
3446,356188000
3447,563043600
3448,305302000
3449,372254000
3450,354356000
3451,218522000
3452,441553000
3453,372295000
3454,710003840
3455,374796000
3456,636016200
3457,232015389
3458,565562000
3459,566955000
3460,567506000
3461,370602000
3462,563041500
3463,352978119
3464,441642000
3465,372069000
3466,563161100
3467,311001220
3468,353038000
3469,574001240
3470,305434000
3471,636017560
3472,636018996
3473,566046000
3474,357499000
3475,538006205
3476,414076000
3477,257497000
3478,229947000
3479,538005224
3480,538006242
3481,477527900
3482,316026694
3483,431981000
3484,538003648
3485,371911000
3486,477792700
3487,636019716
3488,356554000
3489,356426000
3490,477464500
3491,477749800
3492,477217400
3493,563675000
3494,255805657
3495,229960000
3496,636015182
3497,477830900
3498,538007887
3499,565944000
3500,245539000
3501,538004552
3502,477252700
3503,636019986
3504,229219000
3505,477257300
3506,352039000
3507,563656000
3508,538008837
3509,563078900
3510,636015613
3511,305593000
3512,357016000
3513,538008282
3514,525300236
3515,538004901
3516,352835000
3517,352143000
3518,248005000
3519,357502000
3520,538005190
3521,538009640
3522,354788000
3523,564512000
3524,636019213
3525,538006815
3526,477160200
3527,566493000
3528,538003518
3529,636015227
3530,636014693
3531,636019847
3532,353921000
3533,538004550
3534,355456000
3535,518100369
3536,538003692
3537,566708000
3538,538004365
3539,374404000
3540,372734000
3541,574825000
3542,563062600
3543,477913100
3544,538006467
3545,477372100
3546,212300000
3547,413380760
3548,477089200
3549,574004630
3550,210418000
3551,412072000
3552,370647000
3553,538009630
3554,353390000
3555,249472000
3556,538007157
3557,413167000
3558,370458000
3559,373457000
3560,636019089
3561,304512000
3562,564849000
3563,538008984
3564,477854800
3565,229128000
3566,636020550
3567,249319000
3568,636016619
3569,538004895
3570,636017371
3571,352807000
3572,636092328
3573,311000137
3574,356861000
3575,256797000
3576,355735000
3577,538009308
3578,357484000
3579,538004893
3580,309947000
3581,311000886
3582,256114000
3583,538006474
3584,256054000
3585,538006663
3586,636013095
3587,209559000
3588,249219000
3589,357770000
3590,354864000
3591,566926000
3592,636091785
3593,538005752
3594,567324000
3595,574182172
3596,538009426
3597,563804000
3598,636018956
3599,620981000
3600,440172000
3601,305460000
3602,567000490
3603,538008680
3604,538007114
3605,373344000
3606,538007871
3607,371605000
3608,566406000
3609,373815000
3610,431073000
3611,538007480
3612,355124000
3613,372913000
3614,477776100
3615,218441000
3616,548667000
3617,370390000
3618,477096300
3619,440206000
3620,566431000
3621,215869000
3622,563098700
3623,636020846
3624,636092621
3625,538009710
3626,563121200
3627,314504000
3628,538007530
3629,636019066
3630,351825000
3631,371111000
3632,229489000
3633,374910000
3634,566262000
3635,538005747
3636,636093042
3637,258288000
3638,209444000
3639,229010000
3640,371903000
3641,370188000
3642,636019325
3643,210007000
3644,319073100
3645,477107100
3646,255806053
3647,538005754
3648,355673000
3649,538008573
3650,538008836
3651,538006273
3652,312088000
3653,351682000
3654,477899800
3655,311025400
3656,351673000
3657,413220690
3658,563168100
3659,210185000
3660,255806137
3661,636015751
3662,351878000
3663,563018800
3664,477684400
3665,353205000
3666,355400000
3667,565283000
3668,236685000
3669,567000000
3670,414716000
3671,356904000
3672,538004117
3673,371968000
3674,563007600
3675,440278000
3676,370034000
3677,354964000
3678,477224600
3679,356074000
3680,413702170
3681,248007000
3682,244155000
3683,240626000
3684,354614000
3685,636018853
3686,241299000
3687,353873000
3688,371582000
3689,574004130
3690,351563000
3691,355685000
3692,355902000
3693,357417000
3694,370930000
3695,209140000
3696,440209000
3697,374291000
3698,538004179
3699,563859000
3700,357071000
3701,636015828
3702,563632000
3703,355774000
3704,566127000
3705,256221000
3706,538002570
3707,229047000
3708,477107200
3709,538005622
3710,357116000
3711,636018070
3712,414404110
3713,212669000
3714,212122000
3715,477813300
3716,311040200
3717,249029000
3718,255806338
3719,354480000
3720,477621200
3721,357527000
3722,440166000
3723,220416000
3724,351812000
3725,563139700
3726,241209000
3727,574476000
3728,574253000
3729,229647000
3730,636092312
3731,567170000
3732,636020157
3733,563107900
3734,354247000
3735,538006435
3736,413380750
3737,256976000
3738,548853000
3739,371065000
3740,414093000
3741,229200000
3742,477413200
3743,567468000
3744,538007479
3745,354106000
3746,477535100
3747,636015874
3748,548961000
3749,538009540
3750,574908000
3751,538006628
3752,356865000
3753,538003413
3754,477045700
3755,352001586
3756,357656000
3757,574248000
3758,564900000
3759,351936000
3760,209026000
3761,414238000
3762,235111726
3763,477902600
3764,636016604
3765,314501000
3766,538008106
3767,311000897
3768,255806166
3769,352633000
3770,636092863
3771,636090902
3772,636020106
3773,564821000
3774,636018380
3775,564588000
3776,636018768
3777,538007422
3778,371701000
3779,636018077
3780,620560000
3781,566927000
3782,477114500
3783,548988000
3784,305740000
3785,538007475
3786,357330000
3787,538007386
3788,538007201
3789,354508000
3790,538009422
3791,370836000
3792,372850000
3793,574004610
3794,563148700
3795,373214000
3796,574861000
3797,353675000
3798,636020667
3799,636018018
3800,235068051
3801,529899000
3802,538008940
3803,538009103
3804,636019583
3805,351272000
3806,636021365
3807,352001756
3808,304094000
3809,215215000
3810,477832400
3811,373375000
3812,538005733
3813,636017962
3814,477301900
3815,370993000
3816,248510000
3817,538007030
3818,566850000
3819,353381000
3820,210043000
3821,355218000
3822,533132056
3823,565955000
3824,240704000
3825,477746300
3826,636015201
3827,352851000
3828,357910000
3829,374185000
3830,538004342
3831,636021614
3832,477770200
3833,312914000
3834,574000270
3835,413205380
3836,352508000
3837,212546000
3838,352166000
3839,412379870
3840,229788000
3841,354322000
3842,373299000
3843,567108000
3844,636019976
3845,477598800
3846,370894000
3847,636093094
3848,477655700
3849,209279000
3850,538008344
3851,219056000
3852,248819000
3853,538003223
3854,636018224
3855,351347000
3856,373083000
3857,371497000
3858,566760000
3859,373131000
3860,538008779
3861,241155000
3862,477289300
3863,352373000
3864,538004251
3865,370666000
3866,413293840
3867,357987000
3868,622121410
3869,567000024
3870,371661000
3871,219069000
3872,525100856
3873,538004459
3874,256932000
3875,373004000
3876,538004793
3877,574005610
3878,636014200
3879,525900437
3880,564411000
3881,533132161
3882,506000700
3883,563101900
3884,525020155
3885,636017277
3886,304954000
3887,636016288
3888,370017000
3889,235102465
3890,477150700
3891,370731000
3892,577297000
3893,538008748
3894,636017366
3895,477883500
3896,356612000
3897,564341000
3898,538003794
3899,373317000
3900,538005137
3901,636019493
3902,636013121
3903,414751000
3904,371507000
3905,373506000
3906,414063000
3907,372609000
3908,636021798
3909,636019610
3910,477938900
3911,341365000
3912,248289000
3913,636017516
3914,414341000
3915,636016848
3916,249393000
3917,356237000
3918,248376000
3919,477539400
3920,636019594
3921,538007681
3922,538009150
3923,353233000
3924,229281000
3925,636015496
3926,538007353
3927,506028000
3928,564499000
3929,351053000
3930,538004995
3931,311000259
3932,355415000
3933,374721000
3934,309403000
3935,219216000
3936,351681000
3937,372325000
3938,370448000
3939,477162800
3940,636021626
3941,371930000
3942,574000100
3943,248207000
3944,477110900
3945,636091716
3946,373558000
3947,538009336
3948,219112000
3949,636020463
3950,405000198
3951,352927000
3952,370018000
3953,356879000
3954,240271000
3955,636014806
3956,212566000
3957,215868000
3958,353892000
3959,232006581
3960,565909000
3961,413480070
3962,353216000
3963,565904000
3964,441896000
3965,636092036
3966,271002721
3967,370089000
3968,636015640
3969,209927000
3970,255806141
3971,353737000
3972,564415000
3973,356632000
3974,636016943
3975,477271100
3976,548849000
3977,372643000
3978,314032000
3979,564667000
3980,357494000
3981,370560000
3982,241267000
3983,371463000
3984,373098000
3985,355098000
3986,353708000
3987,574001730
3988,538008691
3989,351087000
3990,354330000
3991,312509000
3992,235102468
3993,370033000
3994,538004269
3995,636016792
3996,636020678
3997,574961000
3998,636019098
3999,636020172
4000,538009586
4001,352001723
4002,255806152
4003,215009000
4004,373233000
4005,352631000
4006,636017103
4007,210804000
4008,564500000
4009,353702000
4010,356886000
4011,477739600
4012,356116000
4013,538007504
4014,636092873
4015,636014964
4016,309972000
4017,215352000
4018,414250000
4019,353220000
4020,371279000
4021,574432000
4022,538006959
4023,413381250
4024,538005766
4025,353366000
4026,405000242
4027,538007355
4028,370029000
4029,538003705
4030,311912000
4031,373005000
4032,354706000
4033,248546000
4034,636020181
4035,372632000
4036,311049400
4037,563041400
4038,355753000
4039,413491830
4040,477136800
4041,574222000
4042,477013600
4043,354209000
4044,356405000
4045,413980000
4046,413369990
4047,304288000
4048,255805675
4049,353573000
4050,351430000
4051,636017210
4052,477612200
4053,377531000
4054,636019922
4055,235082896
4056,538007317
4057,636017144
4058,563061800
4059,210367000
4060,352898769
4061,353178000
4062,319029800
4063,636019593
4064,636018624
4065,574497000
4066,564030000
4067,414448000
4068,538009011
4069,477902300
4070,477846200
4071,636021203
4072,538009442
4073,414537000
4074,548674000
4075,538009454
4076,352001317
4077,538010176
4078,538003567
4079,373260000
4080,538007861
4081,354514000
4082,566961000
4083,538008752
4084,477790600
4085,372820000
4086,356629000
4087,305459000
4088,352853000
4089,538004336
4090,477444800
4091,353114000
4092,353262000
4093,636015686
4094,564726000
4095,566829000
4096,563097100
4097,563137500
4098,371416000
4099,477978700
4100,636017557
4101,352800000
4102,373021000
4103,538004920
4104,538007065
4105,352367000
4106,477264800
4107,311000567
4108,477950700
4109,636018144
4110,574250000
4111,574000580
4112,374880000
4113,636015463
4114,311000429
4115,636013281
4116,373773000
4117,538006935
4118,413279020
4119,371749000
4120,305855000
4121,477848100
4122,577166000
4123,636018832
4124,356339000
4125,371380000
4126,374258000
4127,319677000
4128,477588200
4129,372685000
4130,356370000
4131,525125021
4132,636092778
4133,563122800
4134,477319600
4135,538010170
4136,422036800
4137,574004540
4138,574980000
4139,413930000
4140,538003818
4141,210188000
4142,352001121
4143,538006473
4144,248914000
4145,441668000
4146,477196800
4147,374364000
4148,413060000
4149,538008466
4150,353854000
4151,477095300
4152,414564000
4153,636016447
4154,636021033
4155,538004100
4156,477548100
4157,477035500
4158,525119020
4159,636092308
4160,538009793
4161,538005844
4162,538005169
4163,574912000
4164,229338000
4165,372313000
4166,636017509
4167,563073500
4168,518100776
4169,477133700
4170,357840000
4171,305404000
4172,538009545
4173,565696000
4174,212350000
4175,636017382
4176,311032100
4177,477832100
4178,565963000
4179,567582000
4180,477947700
4181,538003231
4182,636020960
4183,636015296
4184,209191000
4185,351496000
4186,538004338
4187,405000266
4188,563112400
4189,304080796
4190,372053000
4191,355428000
4192,477722600
4193,538007308
4194,574962000
4195,353248000
4196,525015551
4197,370220000
4198,371473000
4199,538007528
4200,538005507
4201,374854000
4202,477443000
4203,538007741
4204,566056000
4205,564319000
4206,357847000
4207,538003004
4208,538008624
4209,563124300
4210,636015980
4211,477220700
4212,219974000
4213,413455660
4214,304081024
4215,354820000
4216,574001100
4217,477726500
4218,538005019
4219,354985000
4220,477855900
4221,636016179
4222,538006870
4223,441788000
4224,636019563
4225,377152000
4226,477778000
4227,352212000
4228,431012601
4229,246227000
4230,212353000
4231,353884000
4232,215593000
4233,477389500
4234,636019897
4235,574292000
4236,636016429
4237,256334000
4238,304984000
4239,565999000
4240,373598000
4241,567097000
4242,636021488
4243,372868000
4244,574000810
4245,232003534
4246,255806493
4247,353838000
4248,352978277
4249,506104000
4250,477168200
4251,371999000
4252,538005694
4253,259933000
4254,636019983
4255,477274700
4256,477852500
4257,416034000
4258,477133800
4259,477768700
4260,636019401
4261,533132085
4262,357650000
4263,538009711
4264,636015035
4265,372800000
4266,574144134
4267,413297720
4268,357769000
4269,567072800
4270,538008278
4271,636015598
4272,374815000
4273,355825000
4274,370434000
4275,371974000
4276,355191000
4277,352327000
4278,477345400
4279,538008865
4280,357907000
4281,477240600
4282,563706000
4283,370320000
4284,566923000
4285,352980873
4286,538007082
4287,371647000
4288,371443000
4289,405000097
4290,574473000
4291,210473000
4292,538008970
4293,477518600
4294,477181700
4295,273450990
4296,477654600
4297,574003380
4298,477698700
4299,312269000
4300,564794000
4301,255805781
4302,414329000
4303,636018289
4304,538007948
4305,538008629
4306,518100433
4307,353058000
4308,477690700
4309,538008994
4310,636020177
4311,574000320
4312,355706000
4313,414572000
4314,525025057
4315,477244100
4316,353910000
4317,477534200
4318,414349000
4319,353421000
4320,370341000
4321,412302820
4322,564497000
4323,311000629
4324,249284000
4325,370485000
4326,355398000
4327,219363000
4328,538009498
4329,352597000
4330,273337250
4331,477493300
4332,636014568
4333,477139500
4334,636092940
4335,355741000
4336,440294000
4337,422040500
4338,357051000
4339,563009500
4340,506127000
4341,374674000
4342,563110400
4343,574001220
4344,414753000
4345,312321000
4346,352657000
4347,565887000
4348,538007728
4349,563066700
4350,219544000
4351,372188000
4352,374936000
4353,563095600
4354,538008625
4355,236723000
4356,314479000
4357,477769800
4358,538009273
4359,636018482
4360,431151000
4361,574437000
4362,352919000
4363,352377000
4364,257108000
4365,538008283
4366,215538000
4367,636020500
4368,565485000
4369,256317000
4370,374407000
4371,538009079
4372,477334100
4373,563006900
4374,405000216
4375,636020397
4376,636020732
4377,538008568
4378,563094400
4379,357979000
4380,538008769
4381,416044000
4382,311000119
4383,563051300
4384,636019861
4385,248550000
4386,636091384
4387,525014065
4388,477035100
4389,477904300
4390,636014358
4391,577168000
4392,636017690
4393,477131800
4394,564622000
4395,416258000
4396,563049100
4397,477257900
4398,636012795
4399,255806097
4400,355701000
4401,441688000
4402,256106000
4403,355872000
4404,636018846
4405,538006471
4406,352036000
4407,355823000
4408,304010376
4409,413443420
4410,249476000
4411,477325900
4412,235067987
4413,574413000
4414,354945000
4415,352861000
4416,351008000
4417,305590000
4418,353691000
4419,567461000
4420,352147000
4421,566510000
4422,370622000
4423,371466000
4424,413860000
4425,538003908
4426,477318100
4427,374716000
4428,477387300
4429,211828850
4430,351469000
4431,477112800
4432,574814000
4433,567002370
4434,563137700
4435,373649000
4436,533004410
4437,355824000
4438,269041000
4439,477706300
4440,373277000
4441,563133100
4442,506003600
4443,351526000
4444,477040800
4445,636021449
4446,538004243
4447,636017713
4448,356300000
4449,305757000
4450,305245000
4451,355960000
4452,255806057
4453,412120000
4454,311060500
4455,477615400
4456,477027400
4457,574000570
4458,574003040
4459,574002980
4460,209538000
4461,215737000
4462,636016353
4463,422035900
4464,372177000
4465,574001710
4466,311000877
4467,431552000
4468,636020720
4469,636021104
4470,477833800
4471,257902000
4472,413376000
4473,248473000
4474,538009496
4475,636017780
4476,371038000
4477,538005164
4478,636018101
4479,241640000
4480,636018382
4481,256936000
4482,259545000
4483,351480000
4484,353157000
4485,312908000
4486,248140000
4487,405000090
4488,636017703
4489,477902500
4490,538003311
4491,538008997
4492,574001340
4493,273298160
4494,352001175
4495,352001953
4496,311001206
4497,413686000
4498,353015000
4499,564880000
4500,366230000
4501,377277000
4502,538004337
4503,563131800
4504,636092765
4505,538007312
4506,457193000
4507,636015567
4508,373788000
4509,636015390
4510,636019407
4511,372005000
4512,477162100
4513,671814000
4514,538002733
4515,311000878
4516,356553000
4517,511100724
4518,477535500
4519,374837000
4520,373069000
4521,538008750
4522,636019615
4523,477065500
4524,371117000
4525,636012807
4526,564559000
4527,370417000
4528,636019581
4529,564724000
4530,241073000
4531,636091835
4532,477016900
4533,353089000
4534,538007550
4535,574000960
4536,564800000
4537,357405000
4538,563000900
4539,538007760
4540,636017197
4541,371387000
4542,636092811
4543,538003015
4544,477585400
4545,548845000
4546,229937000
4547,538007782
4548,477694900
4549,538008753
4550,414154000
4551,354776000
4552,563479000
4553,636018035
4554,636016708
4555,538009547
4556,371662000
4557,354825000
4558,636019168
4559,636019144
4560,538008252
4561,563042300
4562,357461000
4563,352254000
4564,248256000
4565,356675000
4566,356559000
4567,353814000
4568,371741000
4569,477642100
4570,351783000
4571,353464000
4572,373119000
4573,351862000
4574,538005725
4575,373735000
4576,565304000
4577,351621000
4578,636017239
4579,636016242
4580,355540000
4581,525020411
4582,352270000
4583,477548600
4584,355283000
4585,357929000
4586,538004065
4587,636017534
4588,372064000
4589,538009527
4590,477754300
4591,352001601
4592,255806450
4593,620909000
4594,312945000
4595,636019839
4596,311047600
4597,355640000
4598,533130813
4599,538007457
4600,441502000
4601,574005000
4602,311024800
4603,259303000
4604,477982500
4605,477237700
4606,376568000
4607,353800000
4608,636018669
4609,244790607
4610,636013086
4611,351450000
4612,373060000
4613,431654000
4614,440493000
4615,563043700
4616,538004331
4617,538008155
4618,311054500
4619,563498000
4620,563004500
4621,405000249
4622,636020953
4623,538007298
4624,538002747
4625,538005430
4626,256944000
4627,351943000
4628,477866600
4629,636091788
4630,477172900
4631,563015400
4632,636092883
4633,372976000
4634,538009161
4635,538003670
4636,538006084
4637,419000601
4638,405000082
4639,477982400
4640,219030432
4641,309046000
4642,477884200
4643,477188100
4644,311055800
4645,636015549
4646,525119187
4647,311035600
4648,431003000
4649,477333200
4650,355401000
4651,566969000
4652,374840000
4653,477147500
4654,636018135
4655,373337000
4656,548945000
4657,525019407
4658,636092247
4659,538004894
4660,235050802
4661,477743200
4662,538006389
4663,636092680
4664,311000909
4665,538007806
4666,319156500
4667,477866800
4668,563124400
4669,574005410
4670,525500108
4671,636019068
4672,373320000
4673,563916000
4674,351019000
4675,373063000
4676,305529000
4677,538007200
4678,372041000
4679,564498000
4680,636017430
4681,538007950
4682,477581400
4683,416035000
4684,373603000
4685,574386000
4686,564731000
4687,377259000
4688,372903000
4689,215560000
4690,373140000
4691,477410400
4692,244170000
4693,538008002
4694,477594100
4695,249254000
4696,441758000
4697,441980000
4698,574002820
4699,412898000
4700,311000566
4701,352094000
4702,241118000
4703,538008025
4704,548979000
4705,248826000
4706,538005453
4707,477056400
4708,636016580
4709,538008592
4710,371815000
4711,352867000
4712,574002760
4713,636019698
4714,477444300
4715,457184000
4716,636019982
4717,506012400
4718,636019898
4719,636019868
4720,352986165
4721,352029885
4722,538009915
4723,538004289
4724,414142000
4725,352830000
4726,209335000
4727,371617000
4728,357457000
4729,413068000
4730,416487000
4731,538007527
4732,636092849
4733,352027000
4734,352059000
4735,477434700
4736,538005790
4737,416040000
4738,353986000
4739,422037300
4740,371800000
4741,566816000
4742,440030000
4743,667001977
4744,636019624
4745,219038000
4746,636017393
4747,636018554
4748,477493200
4749,248089000
4750,405000130
4751,210047000
4752,538006860
4753,567049000
4754,563812000
4755,636014672
4756,567317000
4757,351977000
4758,636014699
4759,636017989
4760,567521000
4761,574012697
4762,305630000
4763,229334000
4764,574000110
4765,538008935
4766,636016988
4767,219696000
4768,218844000
4769,371791000
4770,256724000
4771,414075000
4772,574946000
4773,356562000
4774,538004676
4775,636014366
4776,351962000
4777,477191700
4778,355133000
4779,371160000
4780,636019640
4781,432870000
4782,563087600
4783,273217820
4784,566356000
4785,311000503
4786,325111400
4787,256687000
4788,563062700
4789,538009636
4790,563123600
4791,352898762
4792,356585000
4793,538009384
4794,356302000
4795,636021805
4796,352001248
4797,636021913
4798,370618000
4799,636016483
4800,565196000
4801,353802000
4802,636018221
4803,374579000
4804,636017764
4805,538002823
4806,232018037
4807,566387000
4808,574349000
4809,636019700
4810,352686000
4811,636019636
4812,308234000
4813,372427000
4814,355449000
4815,354837000
4816,538003815
4817,354467000
4818,241311000
4819,312406000
4820,370700000
4821,305853000
4822,566082000
4823,525100079
4824,356875000
4825,413151000
4826,636017309
4827,259005000
4828,353379000
4829,412606000
4830,636019932
4831,563886000
4832,405000217
4833,477098900
4834,248030000
4835,477477500
4836,414297000
4837,538004612
4838,563023500
4839,725012700
4840,371590000
4841,636020435
4842,538009219
4843,636021100
4844,304341000
4845,414561000
4846,563144200
4847,636093055
4848,255806114
4849,357400000
4850,305034000
4851,563394000
4852,538008207
4853,463043101
4854,566469000
4855,620080000
4856,413076000
4857,636018912
4858,538003949
4859,636016304
4860,352975000
4861,477829600
4862,353778000
4863,525125009
4864,538007507
4865,574000430
4866,248966000
4867,636016918
4868,566093000
4869,538003298
4870,305679000
4871,574987000
4872,414742000
4873,412523920
4874,353399000
4875,538003402
4876,356993000
4877,574624000
4878,355599000
4879,525120018
4880,219027758
4881,319192200
4882,563033200
4883,636090971
4884,304251000
4885,572882210
4886,574098000
4887,305536000
4888,255805589
4889,538004355
4890,370857000
4891,305901000
4892,457279000
4893,477631800
4894,538006275
4895,372028000
4896,563004400
4897,538007908
4898,232024772
4899,538008636
4900,412346000
4901,416436000
4902,477732800
4903,563146700
4904,574005480
4905,574372000
4906,352001450
4907,441421000
4908,636021830
4909,477147800
4910,477592500
4911,636014219
4912,373292000
4913,356564000
4914,356185000
4915,219258000
4916,636020244
4917,538007450
4918,636020270
4919,356060000
4920,477137700
4921,229608000
4922,305361000
4923,564391000
4924,305776000
4925,477174900
4926,371853000
4927,565648000
4928,229190000
4929,574002070
4930,372681000
4931,567000019
4932,567071900
4933,636021426
4934,353200000
4935,477770700
4936,248665000
4937,538009118
4938,353872000
4939,355149000
4940,370258000
4941,373946000
4942,538007650
4943,373223000
4944,440088000
4945,636017399
4946,477528800
4947,352868000
4948,538007311
4949,370691000
4950,636018079
4951,371243000
4952,636015743
4953,477746600
4954,244010871
4955,477614500
4956,477661400
4957,355142000
4958,220008000
4959,538006458
4960,305755000
4961,636014630
4962,538003320
4963,304330000
4964,636019238
4965,477883400
4966,563005100
4967,538003560
4968,636018264
4969,412523710
4970,574318000
4971,351867000
4972,574634000
4973,567012100
4974,248779000
4975,574947000
4976,574538000
4977,352001340
4978,477833700
4979,636018268
4980,636017982
4981,356344000
4982,477151900
4983,351838000
4984,311000442
4985,538009104
4986,477728400
4987,636018590
4988,351577000
4989,477434500
4990,314263000
4991,357465000
4992,440491000
4993,305561000
4994,636016294
4995,636018769
4996,538002206
4997,229550000
4998,548921000
4999,636092675
5000,563382000
5001,215219000
5002,636014799
5003,636017175
5004,215164000
5005,212954000
5006,636018643
5007,352001743
5008,212276000
5009,352911000
5010,212724000
5011,636019431
5012,538006982
5013,440199000
5014,414436000
5015,413228080
5016,244790608
5017,255805785
5018,538008907
5019,249414000
5020,218063000
5021,563068300
5022,477795900
5023,257807000
5024,314522000
5025,538008123
5026,210930000
5027,565289000
5028,477630800
5029,440052000
5030,574002910
5031,636018698
5032,477524900
5033,636017218
5034,356558000
5035,352065000
5036,477114900
5037,477712200
5038,374643000
5039,215842000
5040,636019247
5041,422036900
5042,352978144
5043,305343000
5044,431004885
5045,373843000
5046,671992000
5047,355920000
5048,212283000
5049,256461000
5050,210622000
5051,304580000
5052,371274000
5053,636018270
5054,441131000
5055,311000260
5056,211362460
5057,412478000
5058,538007518
5059,372364000
5060,477077500
5061,355462000
5062,572941210
5063,636021396
5064,209083000
5065,431840000
5066,373394000
5067,563094000
5068,372707000
5069,636019157
5070,311000663
5071,538007193
5072,477752400
5073,636020211
5074,477153400
5075,374860000
5076,563061900
5077,419000289
5078,372043000
5079,373605000
5080,636018887
5081,215143000
5082,538005744
5083,414094000
5084,621819054
5085,636092993
5086,477157500
5087,370749000
5088,563098900
5089,356806000
5090,636016926
5091,636092911
5092,414712000
5093,229131000
5094,477027500
5095,311000923
5096,574002790
5097,636092813
5098,373732000
5099,355883000
5100,355292000
5101,574087000
5102,538006605
5103,636016498
5104,441838000
5105,416429000
5106,636017537
5107,548956000
5108,311049600
5109,370166000
5110,538008184
5111,636016502
5112,422036700
5113,477147400
5114,374632000
5115,636017413
5116,431772000
5117,563032700
5118,215346000
5119,566409000
5120,412119000
5121,413310040
5122,311000358
5123,564394000
5124,372575000
5125,636019139
5126,538007637
5127,370135000
5128,351702000
5129,636013118
5130,538007737
5131,525125034
5132,538008208
5133,373807000
5134,636020867
5135,311000362
5136,563064600
5137,477685600
5138,636018564
5139,312700000
5140,477769600
5141,538007387
5142,548837000
5143,506105000
5144,477045400
5145,548999000
5146,352690000
5147,574993000
5148,371711000
5149,354437000
5150,370968000
5151,352335000
5152,374539000
5153,636019504
5154,538008733
5155,477219700
5156,269021000
5157,574460000
5158,374424000
5159,538006013
5160,305164000
5161,352980867
5162,305160000
5163,538009601
5164,477732700
5165,370109000
5166,210655000
5167,636019894
5168,636019187
5169,372275000
5170,311043100
5171,567002520
5172,440585000
5173,245118000
5174,477754200
5175,351854000
5176,477898700
5177,477392500
5178,566953000
5179,215390000
5180,538007510
5181,565324000
5182,563122300
5183,477861200
5184,574014638
5185,538008296
5186,538002349
5187,538004647
5188,525300013
5189,373553000
5190,636017404
5191,636014242
5192,374703000
5193,354314000
5194,372381000
5195,477993500
5196,413138000
5197,477057400
5198,477415100
5199,636017488
5200,373505000
5201,351568000
5202,209753000
5203,538002750
5204,314617000
5205,352980770
5206,636013470
5207,567483000
5208,255806283
5209,255806120
5210,574002780
5211,477001200
5212,255805551
5213,477524700
5214,247009600
5215,477172300
5216,305977000
5217,370293000
5218,215158000
5219,636092689
5220,356799000
5221,354908000
5222,354428000
5223,636019623
5224,567304000
5225,210115000
5226,357478000
5227,538009626
